{
  "LinearRegression": {
    "rmse": 1.0968528549748907e-10,
    "mae": 7.357296658692981e-11,
    "r2": 1.0
  },
  "RandomForest": {
    "rmse": 49.27198023911887,
    "mae": 1.0318223509737485,
    "r2": 0.9999953444619742
  },
  "GradientBoosting": {
    "rmse": 119.54757074143764,
    "mae": 64.57750867866602,
    "r2": 0.999972593640173
  }
}